"Ukrainian Integrations","Українські інтеграції"
"Ukraine Services","Українські сервіси"
"Delivery","Доставка"
"Nova Poshta","Нова пошта"
"Nova Poshta Sender Profiles","Профілі відправника Нової пошти"
"Ukrposhta","Укрпошта"
"Ukrposhta Sender Profiles","Профілі відправника Укрпошти"
"Rozetka Delivery","Rozetka Delivery"
"Rozetka Delivery Sender Profiles","Профілі відправника Rozetka Delivery"
"Banking & Payments","Банки та платежі"
"Payments","Платежі"
"PrivatBank POS Settings","Налаштування POS ПриватБанку"
"PrivatBank POS Terminals","POS-термінали ПриватБанку"
"Communications & Customers","Комунікації та покупці"
"Communications","Комунікації"
"Customer Identification","Ідентифікація покупця"
"Customer Identification Requests","Запити ідентифікації покупця"
"Birthday Greeting Log","Журнал привітань із днем народження"
"Operations & Monitoring","Операції та моніторинг"
"Operations","Операції"
"Monitoring","Моніторинг"
"Integration Operations","Операції інтеграцій"
"Integration Log","Журнал інтеграцій"
"Logs","Журнали"
"Customer Birthday Greeting Log","Журнал привітань покупців із днем народження"
"Customer Identification Request","Запит ідентифікації покупця"
"Customer Identification Settings","Налаштування ідентифікації покупця"
"Hunter Integration Log","Журнал інтеграцій HUNTER"
"LiqPay Profile","Профіль LiqPay"
"LiqPay Profiles","Профілі LiqPay"
"LiqPay Settings","Налаштування LiqPay"
"Monobank Profile","Профіль monobank"
"Monobank Profiles","Профілі monobank"
"Monobank Settings","Налаштування monobank"
"NP Integration Settings","Налаштування інтеграції з Новою поштою"
"NP Sender Branch Row","Відділення відправника Нової пошти"
"NP Sender Profile","Профіль відправника Нової пошти"
"PB POS Settings","Налаштування POS ПриватБанку"
"PB POS Terminal","POS-термінал ПриватБанку"
"PrivatBank Profile","Профіль ПриватБанку"
"PrivatBank Profiles","Профілі ПриватБанку"
"PrivatBank Settings","Налаштування ПриватБанку"
"RZ Delivery Sender Profile","Профіль відправника Rozetka Delivery"
"TurboSMS Log","Журнал TurboSMS"
"TurboSMS Sender","Відправник TurboSMS"
"TurboSMS Sender Row","Відправник TurboSMS"
"TurboSMS Settings","Налаштування TurboSMS"
"UA Integration Operation","Операція української інтеграції"
"UP Integration Settings","Налаштування інтеграції з Укрпоштою"
"UP Sender Profile","Профіль відправника Укрпошти"
"VitalPBX Call Log","Журнал дзвінків VitalPBX"
"VitalPBX Settings","Налаштування VitalPBX"
"API","API"
"API Base","Базова адреса API"
"API Base URL","Базова URL-адреса API"
"API Key","Ключ API"
"API URL","URL-адреса API"
"Accept Sandbox Callbacks","Приймати callback-запити пісочниці"
"Account ID","Ідентифікатор рахунку"
"Accounts Manager","Керівник бухгалтерії"
"Accounts User","Користувач бухгалтерії"
"Amount in Minor Units (kopecks)","Сума в копійках"
"Apartment","Квартира"
"Attempts","Спроби"
"Auto Import","Автоматичний імпорт"
"Auto-create Payment Entry","Автоматично створювати платіж"
"Base URL","Базова URL-адреса"
"Bot token","Токен бота"
"Bot username","Ім’я користувача бота"
"Call","Дзвінок"
"Call ID","Ідентифікатор дзвінка"
"Carrier ID","Ідентифікатор перевізника"
"City","Місто"
"City ID","Ідентифікатор міста"
"Code Hash","Хеш коду"
"Completed At","Завершено о"
"Contact Ref","Ідентифікатор контакту"
"Content Language","Мова вмісту"
"Counterparty Token","Токен контрагента"
"Create Shipment Path","Шлях створення відправлення"
"Days Back","Кількість попередніх днів"
"Default Extension","Типовий внутрішній номер"
"Default Settlement Ref","Типовий ідентифікатор населеного пункту"
"Default Warehouse Ref","Типовий ідентифікатор відділення"
"Department","Відділення"
"Department ID","Ідентифікатор відділення"
"Destination phone","Телефон одержувача"
"Dialer number","Номер автодозвону"
"Direction","Напрямок"
"Duration (sec)","Тривалість (с)"
"ERP Bank Account","Банківський рахунок ERP"
"Error Trace","Трасування помилки"
"Expired","Термін дії минув"
"Extension","Внутрішній номер"
"External ID","Зовнішній ідентифікатор"
"External Reference","Зовнішнє посилання"
"Failed","Невдало"
"From","Від"
"Gateway API Key","Ключ API шлюзу"
"Gateway URL","URL-адреса шлюзу"
"Group Client ID (id)","Ідентифікатор клієнта групи (id)"
"House Number","Номер будинку"
"IP Address","IP-адреса"
"Idempotency Key","Ключ ідемпотентності"
"Integration","Інтеграція"
"Last Error","Остання помилка"
"Legacy Default Sender","Застарілий типовий відправник"
"Operation Type","Тип операції"
"Optional UUID returned by /api/carrier. Leave empty for Rozetka Delivery departments.","Необов’язковий UUID із /api/carrier. Для відділень Rozetka Delivery залиште порожнім."
"POS Administrator","Адміністратор POS"
"POS Manager","Менеджер POS"
"Popup Enabled","Спливне вікно увімкнено"
"Postcode","Поштовий індекс"
"Private Key","Приватний ключ"
"Profile Name","Назва профілю"
"Profiles","Профілі"
"Public Key","Публічний ключ"
"Raw Payload","Необроблені дані"
"Reference DocType","Тип пов’язаного документа"
"Reference Type","Тип посилання"
"Region","Область"
"Request Payload","Дані запиту"
"Request SHA-256","SHA-256 запиту"
"Request Timeout (sec)","Тайм-аут запиту (с)"
"Request Token","Токен запиту"
"Required for group mode API","Обов’язково для групового режиму API"
"Response","Відповідь"
"Response Payload","Дані відповіді"
"Result URL","URL-адреса результату"
"SMS","SMS"
"SMS · TurboSMS","SMS · TurboSMS"
"Sales Manager","Менеджер із продажу"
"Sales User","Користувач відділу продажу"
"Secret key for VitalPBX -> ERP webhook auth","Секретний ключ авторизації webhook VitalPBX → ERP"
"Sender","Відправник"
"Sender Branches","Відділення відправника"
"Sender Email","Електронна пошта відправника"
"Sender Name","Ім’я відправника"
"Sender Phone","Телефон відправника"
"Sender Profiles JSON","JSON профілів відправника"
"Sender Ref","Ідентифікатор відправника"
"Senders","Відправники"
"Server URL","URL-адреса сервера"
"Settlement Ref","Ідентифікатор населеного пункту"
"Static API Token","Статичний токен API"
"Static bearer token created in the Rozetka Delivery partner account.","Статичний bearer-токен, створений у кабінеті партнера Rozetka Delivery."
"Street","Вулиця"
"System Manager","Системний менеджер"
"TCP Port","Порт TCP"
"Telegram","Telegram"
"Telegram User ID","Ідентифікатор користувача Telegram"
"Telegram bot","Telegram-бот"
"Tenant","Орендар"
"Terminal Name","Назва термінала"
"Terminal Prefix Allowlist","Дозволені префікси терміналів"
"To","До"
"Token","Токен"
"Track Path","Шлях відстеження"
"Tracking Token","Токен відстеження"
"Ukrposhta Counterparty Token","Токен контрагента Укрпошти"
"Ukrposhta Tracking Bearer","Bearer-токен відстеження Укрпошти"
"Ukrposhta eCom Bearer","Bearer-токен eCom Укрпошти"
"Unique Key","Унікальний ключ"
"Unknown","Невідомо"
"Verified","Підтверджено"
"Warehouse Ref","Ідентифікатор відділення"
"Webhook Key","Ключ webhook"
"Webhook secret","Секрет webhook"
"eCom Token","Токен eCom"
"answered","відповіли"
"completed","завершено"
"error","помилка"
"failed","невдало"
"inbound","вхідний"
"missed","пропущено"
"outbound","вихідний"
"queued","у черзі"
"reconciled","звірено"
"ringing","виклик"
"started","розпочато"
"succeeded","успішно"
"success","успішно"
"unknown","невідомо"
"verified","підтверджено"
"A matching Sales Invoice was not found","Відповідний рахунок-фактуру продажу не знайдено"
"Active Nova Poshta profile requires a complete default address or sender branch","Для активного профілю Нової пошти потрібна повна типова адреса або відділення відправника"
"Active Nova Poshta profile requires a valid Ukrainian sender phone","Для активного профілю Нової пошти потрібен коректний український номер відправника"
"Active Nova Poshta profile requires an API key","Для активного профілю Нової пошти потрібен ключ API"
"Active Rozetka Delivery profile requires a static API token","Для активного профілю Rozetka Delivery потрібен статичний токен API"
"Active Rozetka Delivery profile requires a valid Ukrainian sender phone","Для активного профілю Rozetka Delivery потрібен коректний український номер відправника"
"Active Rozetka Delivery profile requires sender first and last name","Для активного профілю Rozetka Delivery потрібні ім’я та прізвище відправника"
"Active Ukrposhta profile requires a five-digit postcode","Для активного профілю Укрпошти потрібен п’ятизначний індекс"
"Active Ukrposhta profile requires a valid Ukrainian sender phone","Для активного профілю Укрпошти потрібен коректний український номер відправника"
"Active Ukrposhta profile requires an eCom token","Для активного профілю Укрпошти потрібен токен eCom"
"Amount must be > 0","Сума має бути більшою за 0"
"Amount must be a valid monetary value","Сума має бути коректним грошовим значенням"
"Another Rozetka Delivery operation already exists for this Sales Invoice: {0}","Для цього рахунку-фактури продажу вже існує інша операція Rozetka Delivery: {0}"
"Authorized Rozetka Delivery sender profile cannot be resolved","Не вдалося визначити авторизований профіль відправника Rozetka Delivery"
"Awaiting status synchronization","Очікується синхронізація статусу"
"Boolean shipment parameter is invalid","Некоректний логічний параметр відправлення"
"Both from_ts and to_ts must be provided together","Параметри from_ts і to_ts потрібно передавати разом"
"COD amount cannot exceed the insured value","Сума післяплати не може перевищувати оголошену вартість"
"Call verification number is required","Потрібен номер для перевірочного дзвінка"
"Carrier ID must be a valid UUID","Ідентифікатор перевізника має бути коректним UUID"
"Delivery payer must be sender or receiver","Платником за доставку має бути відправник або одержувач"
"Dialer IDs must be positive integers","Ідентифікатори автодозвону мають бути додатними цілими числами"
"Dialer timeout must be between 1 and 300 seconds","Тайм-аут автодозвону має бути від 1 до 300 секунд"
"ERP Bank Account belongs to a different company","Банківський рахунок ERP належить іншій компанії"
"ERP Bank Account does not exist: {0}","Банківський рахунок ERP не існує: {0}"
"ERP Bank Account must be linked to a ledger account with a currency","Банківський рахунок ERP має бути пов’язаний із бухгалтерським рахунком, для якого задано валюту"
"Enabled LiqPay profile not found","Увімкнений профіль LiqPay не знайдено"
"Enabled LiqPay profile requires public/private keys and Server URL","Для увімкненого профілю LiqPay потрібні публічний і приватний ключі та URL-адреса сервера"
"Enabled LiqPay profile {0} requires public/private keys and Server URL","Для увімкненого профілю LiqPay {0} потрібні публічний і приватний ключі та URL-адреса сервера"
"Enabled LiqPay profiles must use unique public keys","Увімкнені профілі LiqPay мають використовувати унікальні публічні ключі"
"Enabled Monobank profile not found","Увімкнений профіль monobank не знайдено"
"Enabled Monobank profile requires a token","Для увімкненого профілю monobank потрібен токен"
"Enabled Monobank profile {0} requires a token","Для увімкненого профілю monobank {0} потрібен токен"
"Enabled PrivatBank profile not found","Увімкнений профіль ПриватБанку не знайдено"
"Enabled PrivatBank profile requires a token","Для увімкненого профілю ПриватБанку потрібен токен"
"Enabled PrivatBank profile {0} requires a token","Для увімкненого профілю ПриватБанку {0} потрібен токен"
"Enabled TurboSMS integration requires a token","Для увімкненої інтеграції TurboSMS потрібен токен"
"Enabled VitalPBX integration requires a webhook key","Для увімкненої інтеграції VitalPBX потрібен ключ webhook"
"Enabled VitalPBX integration requires an API key","Для увімкненої інтеграції VitalPBX потрібен ключ API"
"Extension is required","Потрібен внутрішній номер"
"External ID is required for successful resolution","Для успішного завершення потрібен зовнішній ідентифікатор"
"Idempotency key is required","Потрібен ключ ідемпотентності"
"Idempotency key is too long","Ключ ідемпотентності задовгий"
"Idempotency key was already used for a different request","Цей ключ ідемпотентності вже використано для іншого запиту"
"Invalid Monobank statement time range","Некоректний часовий діапазон виписки monobank"
"Invalid Rozetka Delivery track ID","Некоректний ідентифікатор відправлення Rozetka Delivery"
"Invalid Ukrposhta delivery type","Некоректний тип доставки Укрпошти"
"Invalid Ukrposhta onFailReceiveType","Некоректне значення onFailReceiveType Укрпошти"
"Invalid boolean value","Некоректне логічне значення"
"LiqPay API version must be 3 or 7","Версія API LiqPay має бути 3 або 7"
"LiqPay Bank Account belongs to a different company","Банківський рахунок LiqPay належить іншій компанії"
"LiqPay ERP Bank Account belongs to a different company","Банківський рахунок ERP для LiqPay належить іншій компанії"
"LiqPay Result URL must match the selected server-side profile","URL-адреса результату LiqPay має відповідати вибраному серверному профілю"
"LiqPay Server URL must match the selected server-side profile","URL-адреса сервера LiqPay має відповідати вибраному серверному профілю"
"LiqPay auto reconciliation requires Company, Bank Account and Mode of Payment","Для автоматичної звірки LiqPay потрібні компанія, банківський рахунок і спосіб оплати"
"LiqPay checkout currently supports only UAH Sales Invoices","Оплата LiqPay наразі підтримує лише рахунки-фактури продажу в гривні"
"LiqPay credentials are not configured","Облікові дані LiqPay не налаштовано"
"LiqPay integration is disabled","Інтеграцію LiqPay вимкнено"
"LiqPay profile {0}: auto reconciliation requires Bank Account, Mode of Payment and Company","Профіль LiqPay {0}: для автоматичної звірки потрібні банківський рахунок, спосіб оплати та компанія"
"LiqPay server callback URL is required","Потрібна серверна callback URL-адреса LiqPay"
"Monobank Bank Account belongs to a different company","Банківський рахунок monobank належить іншій компанії"
"Monobank ERP Bank Account belongs to a different company","Банківський рахунок ERP для monobank належить іншій компанії"
"Monobank Settings not found","Налаштування monobank не знайдено"
"Monobank account ID is invalid","Некоректний ідентифікатор рахунку monobank"
"Monobank auto import days must be between 1 and 31","Кількість днів автоматичного імпорту monobank має бути від 1 до 31"
"Monobank auto import requires Account, ERP Bank Account and Company","Для автоматичного імпорту monobank потрібні рахунок, банківський рахунок ERP і компанія"
"Monobank auto-import days must be between 1 and 31","Кількість днів автоматичного імпорту monobank має бути від 1 до 31"
"Monobank integration is disabled","Інтеграцію monobank вимкнено"
"Monobank profile not found","Профіль monobank не знайдено"
"Monobank profile requires Company and ERP Bank Account","Для профілю monobank потрібні компанія та банківський рахунок ERP"
"Monobank profile {0}: auto import requires Account, Bank Account and Company","Профіль monobank {0}: для автоматичного імпорту потрібні рахунок, банківський рахунок і компанія"
"Monobank statement end time cannot be in the future","Час завершення виписки monobank не може бути в майбутньому"
"Monobank statement range cannot exceed 31 days","Діапазон виписки monobank не може перевищувати 31 день"
"Multi-parcel Rozetka Delivery shipments are not supported","Відправлення Rozetka Delivery з кількох місць не підтримуються"
"Multi-parcel Ukrposhta shipments are not supported by this endpoint","Цей endpoint не підтримує відправлення Укрпошти з кількох місць"
"No active Rozetka Delivery sender profile is configured","Не налаштовано активного профілю відправника Rozetka Delivery"
"Nova Poshta API Key","Ключ API Нової пошти"
"Nova Poshta API key is not configured for the selected sender profile","Для вибраного профілю відправника не налаштовано ключ API Нової пошти"
"Nova Poshta label exceeds the configured size limit","Етикетка Нової пошти перевищує налаштований ліміт розміру"
"Nova Poshta label request failed with HTTP {0}","Запит етикетки Нової пошти завершився помилкою HTTP {0}"
"Nova Poshta returned an invalid label document","Нова пошта повернула некоректний документ етикетки"
"Nova Poshta returned an invalid label size","Нова пошта повернула некоректний розмір етикетки"
"Nova Poshta sender profile is incomplete","Профіль відправника Нової пошти заповнено не повністю"
"Nova Poshta sender profile not found or inactive: {0}","Профіль відправника Нової пошти не знайдено або він неактивний: {0}"
"Number is required","Потрібен номер"
"Only one active default TurboSMS sender is allowed","Дозволено лише одного активного типового відправника TurboSMS"
"Only one default Nova Poshta profile is allowed","Дозволено лише один типовий профіль Нової пошти"
"Only one default Rozetka Delivery profile is allowed","Дозволено лише один типовий профіль Rozetka Delivery"
"Only one default Ukrposhta profile is allowed","Дозволено лише один типовий профіль Укрпошти"
"Only one default sender branch is allowed","Дозволено лише одне типове відділення відправника"
"Operation already exists with status {0}; reconcile it before retrying","Операція вже існує зі статусом {0}; звірте її перед повторною спробою"
"Operation does not belong to Rozetka Delivery","Операція не належить Rozetka Delivery"
"Operation not found","Операцію не знайдено"
"Operation status cannot be manually resolved: {0}","Статус операції не можна змінити вручну: {0}"
"Payment amount exceeds invoice outstanding amount","Сума платежу перевищує несплачений залишок рахунку-фактури"
"PrivatBank Bank Account belongs to a different company","Банківський рахунок ПриватБанку належить іншій компанії"
"PrivatBank ERP Bank Account belongs to a different company","Банківський рахунок ERP для ПриватБанку належить іншій компанії"
"PrivatBank auto import days must be between 1 and 366","Кількість днів автоматичного імпорту ПриватБанку має бути від 1 до 366"
"PrivatBank auto import requires Account, ERP Bank Account and Company","Для автоматичного імпорту ПриватБанку потрібні рахунок, банківський рахунок ERP і компанія"
"PrivatBank auto-import days must be between 1 and 366","Кількість днів автоматичного імпорту ПриватБанку має бути від 1 до 366"
"PrivatBank integration is disabled","Інтеграцію ПриватБанку вимкнено"
"PrivatBank profile not found","Профіль ПриватБанку не знайдено"
"PrivatBank profile requires Company and ERP Bank Account","Для профілю ПриватБанку потрібні компанія та банківський рахунок ERP"
"PrivatBank profile {0}: auto import requires Account, Bank Account and Company","Профіль ПриватБанку {0}: для автоматичного імпорту потрібні рахунок, банківський рахунок і компанія"
"PrivatBank statement range must be ordered and no longer than 366 days","Діапазон виписки ПриватБанку має бути впорядкованим і не довшим за 366 днів"
"Profile is required","Потрібен профіль"
"RZ Delivery Sender Profile is not installed; run bench migrate","Профіль відправника Rozetka Delivery не встановлено; виконайте bench migrate"
"Recipient city/warehouse refs are required","Потрібні ідентифікатори міста та відділення одержувача"
"Recipient first name and last name are required","Потрібні ім’я та прізвище одержувача"
"Recipient phone must be a valid Ukrainian number","Телефон одержувача має бути коректним українським номером"
"Reference type and name must be provided together","Тип і назву посилання потрібно вказувати разом"
"Resolution must be failed, succeeded or reconciled","Результат має бути failed, succeeded або reconciled"
"Rozetka Delivery content language must be uk, en or ru","Мова вмісту Rozetka Delivery має бути uk, en або ru"
"Rozetka Delivery did not return a label","Rozetka Delivery не повернула етикетку"
"Rozetka Delivery did not return a track status","Rozetka Delivery не повернула статус відправлення"
"Rozetka Delivery fields are missing; run bench migrate first: {0}","Відсутні поля Rozetka Delivery; спочатку виконайте bench migrate: {0}"
"Rozetka Delivery label is not a PDF","Етикетка Rozetka Delivery не є PDF-файлом"
"Rozetka Delivery label is too large","Етикетка Rozetka Delivery завелика"
"Rozetka Delivery returned an invalid base64 label","Rozetka Delivery повернула некоректну етикетку base64"
"Rozetka Delivery sender profile belongs to a different company","Профіль відправника Rozetka Delivery належить іншій компанії"
"Rozetka Delivery sender profile not found or inactive: {0}","Профіль відправника Rozetka Delivery не знайдено або він неактивний: {0}"
"Rozetka Delivery sender profile requires first and last name","Для профілю відправника Rozetka Delivery потрібні ім’я та прізвище"
"Rozetka Delivery shipments from Sales Invoice require UAH currency","Для відправлень Rozetka Delivery із рахунку-фактури продажу потрібна валюта UAH"
"SMS template must contain {code} and {minutes}","Шаблон SMS має містити {code} і {minutes}"
"SMS text exceeds the configured maximum length ({0})","Текст SMS перевищує налаштовану максимальну довжину ({0})"
"Sales Invoice already has Nova Poshta TTN {0}","Рахунок-фактура продажу вже має ТТН Нової пошти {0}"
"Sales Invoice already has Rozetka Delivery track {0}","Рахунок-фактура продажу вже має відправлення Rozetka Delivery {0}"
"Sales Invoice already has Ukrposhta barcode {0}","Рахунок-фактура продажу вже має штрихкод Укрпошти {0}"
"Sales Invoice has no positive outstanding amount","Рахунок-фактура продажу не має додатного несплаченого залишку"
"Sales Invoice is required","Потрібен рахунок-фактура продажу"
"Sales Invoice must be submitted","Рахунок-фактуру продажу потрібно провести"
"Sender branch does not belong to the selected Nova Poshta profile","Відділення відправника не належить вибраному профілю Нової пошти"
"Sender is not configured or inactive","Відправника не налаштовано або він неактивний"
"Sender phone must be a valid Ukrainian number","Телефон відправника має бути коректним українським номером"
"Telegram bot token is required","Потрібен токен Telegram-бота"
"Telegram bot username is required","Потрібне ім’я користувача Telegram-бота"
"Telegram webhook secret is required","Потрібен секрет webhook Telegram"
"The LiqPay profile company does not match the Sales Invoice company","Компанія профілю LiqPay не відповідає компанії рахунку-фактури продажу"
"The TTN does not belong to the current user","ТТН не належить поточному користувачу"
"The TTN does not belong to this operation","ТТН не належить цій операції"
"The checkout operation already has status {0}; use a new idempotency key only for a new payment attempt","Операція оплати вже має статус {0}; використовуйте новий ключ ідемпотентності лише для нової спроби оплати"
"The default Nova Poshta profile must be active","Типовий профіль Нової пошти має бути активним"
"The default Rozetka Delivery profile must be active","Типовий профіль Rozetka Delivery має бути активним"
"The default Ukrposhta profile must be active","Типовий профіль Укрпошти має бути активним"
"The label operation is not valid","Операція отримання етикетки некоректна"
"The selected Rozetka Delivery profile has no API token","Вибраний профіль Rozetka Delivery не має токена API"
"The sender profile does not belong to this operation","Профіль відправника не належить цій операції"
"The sender profile does not match the Sales Invoice","Профіль відправника не відповідає рахунку-фактурі продажу"
"Track does not match the operation","Відправлення не відповідає операції"
"Track is not linked to an authorized invoice","Відправлення не пов’язано з дозволеним рахунком-фактурою"
"TurboSMS integration is disabled","Інтеграцію TurboSMS вимкнено"
"TurboSMS rejected the message: {0}","TurboSMS відхилила повідомлення: {0}"
"TurboSMS returned an ambiguous response; reconcile before retrying","TurboSMS повернула неоднозначну відповідь; виконайте звірку перед повторною спробою"
"TurboSMS returned an invalid response","TurboSMS повернула некоректну відповідь"
"TurboSMS sender names must be unique","Імена відправників TurboSMS мають бути унікальними"
"Ukrposhta barcode must contain 6-40 letters or digits","Штрихкод Укрпошти має містити від 6 до 40 літер або цифр"
"Ukrposhta client phone must be a valid Ukrainian number","Телефон клієнта Укрпошти має бути коректним українським номером"
"Ukrposhta client type must be INDIVIDUAL or COMPANY","Тип клієнта Укрпошти має бути INDIVIDUAL або COMPANY"
"Ukrposhta postcode must contain exactly five digits","Індекс Укрпошти має містити рівно п’ять цифр"
"Ukrposhta postcodes must contain exactly five digits","Індекси Укрпошти мають містити рівно п’ять цифр"
"Ukrposhta sender profile not found or inactive: {0}","Профіль відправника Укрпошти не знайдено або він неактивний: {0}"
"VitalPBX did not provide explicit call acceptance","VitalPBX не підтвердила прийняття виклику"
"VitalPBX integration is disabled","Інтеграцію VitalPBX вимкнено"
"VitalPBX rejected the call request","VitalPBX відхилила запит на дзвінок"
"VitalPBX returned an ambiguous response","VitalPBX повернула неоднозначну відповідь"
"You do not have permission to access this operation","У вас немає доступу до цієї операції"
"You may only call from your assigned VitalPBX extension","Ви можете телефонувати лише зі свого призначеного внутрішнього номера VitalPBX"
"account is required","Потрібен рахунок"
"account_id is required","Потрібен account_id"
"idempotency_key is required","Потрібен idempotency_key"
"idempotency_key is required for standalone TTN creation","Для окремого створення ТТН потрібен idempotency_key"
"idempotency_key is required for standalone shipment creation","Для окремого створення відправлення потрібен idempotency_key"
"profile is required","Потрібен профіль"
"{0} host is not allowlisted. Configure {1} in site_config.json","Хост {0} не входить до списку дозволених. Налаштуйте {1} у site_config.json"
"{0} is invalid","Некоректне значення {0}"
"{0} must be a valid UUID","{0} має бути коректним UUID"
"{0} must be a valid Ukrainian phone number","{0} має бути коректним українським номером телефону"
"{0} must be a valid {1} URL without embedded credentials","{0} має бути коректною URL-адресою {1} без вбудованих облікових даних"
"{0} must be an object","{0} має бути об’єктом"
"{0} must be between {1} and {2}","{0} має бути в діапазоні від {1} до {2}"
"{0} must be numeric","{0} має бути числом"
"{0} must be valid JSON","{0} має бути коректним JSON"
"{0}: only one enabled default profile is allowed","{0}: дозволено лише один увімкнений типовий профіль"
"{0}: profile labels must be unique","{0}: підписи профілів мають бути унікальними"
