FOP Profile,Профіль ФОП,
UA KVED,КВЕД,
UA Tax Parameters,Податкові параметри УА,
Active,Активний,
Suspended,Призупинено,
Closed,Закрито,
Creation of {1}(s) successful,Створення {1} успішне,
{0} Coupon used are {1}. Allowed quantity is exhausted,Купон {0} використано {1} раз(и). Дозволену кількість вичерпано.,
{0} Number {1} is already used in {2} {3},Номер {0} {1} вже використовується в {2} {3},
Blocked,Заблоковано,
Close Shift,Закриття зміни,
Closed Offline,Закрито офлайн,
Closing,Закривається,
Confirmed,Підтверджено,
Disabled,Вимкнено,
DocType,Тип документа,
Expired,Термін дії минув,
Fiscalized,Фіскалізовано,
Not Sent,Не відправлено,
Offline,Офлайн,
Offline Begin,Початок офлайн-режиму,
Offline End,Завершення офлайн-режиму,
Online,Онлайн,
Open Shift,Відкриття зміни,
Opening,Відкривається,
POS Operational Shift,Робоча зміна каси,
POS Order,Касовий чек,
POS Profile,Профіль точки продажу,
PRRO Cash Register,Каса ПРРО,
PRRO Offline Session,Офлайн-сесія ПРРО,
PRRO Receipt,Фіскальний документ ПРРО,
PRRO Settings,Налаштування ПРРО,
PRRO Shift,Фіскальна зміна ПРРО,
Recovering,Відновлення зв’язку,
Sale,Продаж,
Sending,Надсилається,
Service In,Службове внесення,
Service Out,Службова видача,
Storno,Сторно,
UA Fiscal,Фіскалізація ПРРО,
UA KEP Key,Ключ КЕП,
Uncertain,Потребує перевірки,
Z Report,Z-звіт,
"A matching Sales Invoice was not found","Відповідний рахунок-фактуру продажу не знайдено",""
"API Base","Базова адреса API",""
"API Base URL","Базова URL-адреса API",""
"API Batch Size","Розмір пакета API",""
"API Login","Логін API",""
"API URL","URL-адреса API",""
"Accept Sandbox Callbacks","Приймати callback-запити пісочниці",""
"Account ID","Ідентифікатор рахунку",""
"Action Complete","Дію завершено",""
"Activate","Активувати",""
"Active Nova Poshta profile requires a complete default address or sender branch","Для активного профілю Нової пошти потрібна повна типова адреса або відділення відправника",""
"Active Nova Poshta profile requires a valid Ukrainian sender phone","Для активного профілю Нової пошти потрібен коректний український номер відправника",""
"Active Nova Poshta profile requires an API key","Для активного профілю Нової пошти потрібен ключ API",""
"Active Rozetka Delivery profile requires a static API token","Для активного профілю Rozetka Delivery потрібен статичний токен API",""
"Active Rozetka Delivery profile requires a valid Ukrainian sender phone","Для активного профілю Rozetka Delivery потрібен коректний український номер відправника",""
"Active Rozetka Delivery profile requires sender first and last name","Для активного профілю Rozetka Delivery потрібні ім’я та прізвище відправника",""
"Active Ukrposhta profile requires a five-digit postcode","Для активного профілю Укрпошти потрібен п’ятизначний індекс",""
"Active Ukrposhta profile requires a valid Ukrainian sender phone","Для активного профілю Укрпошти потрібен коректний український номер відправника",""
"Active Ukrposhta profile requires an eCom token","Для активного профілю Укрпошти потрібен токен eCom",""
"Add New","Додати",""
"Add Roles","Додати ролі",""
"Add Template","Додати шаблон",""
"Add a Row","Додати рядок",""
"Add field","Додати поле",""
"Add multiple","Додати кілька",""
"Add new tab","Додати нову вкладку",""
"Add page break","Додати розрив сторінки",""
"Add section above","Додати розділ вище",""
"Add section below","Додати розділ нижче",""
"Add tab","Додати вкладку",""
"Add to Desktop","Додати на робочий стіл",""
"Add/Update Filter","Додати або оновити фільтр",""
"All Results","Усі результати",""
"All Submissions","Усі подання",""
"Allow comments","Дозволити коментарі",""
"Allow delete","Дозволити видалення",""
"Allow print","Дозволити друк",""
"Amount in Minor Units (kopecks)","Сума в копійках",""
"Amount must be > 0","Сума має бути більшою за 0",""
"Amount must be a valid monetary value","Сума має бути коректним грошовим значенням",""
"An enabled ocStore export requires at least one enabled warehouse","Для увімкненого експорту ocStore потрібен щонайменше один активний склад",""
"Announcement Widget","Віджет оголошень",""
"Announcements","Оголошення",""
"Another Rozetka Delivery operation already exists for this Sales Invoice: {0}","Для цього рахунку-фактури продажу вже існує інша операція Rozetka Delivery: {0}",""
"Apartment","Квартира",""
"Apps","Застосунки",""
"Are you sure you want to discard the changes?","Ви впевнені, що хочете відхилити зміни?",""
"Are you sure you want to proceed?","Ви впевнені, що хочете продовжити?",""
"Assign a user","Призначити користувача",""
"At least one column is required to show in the grid.","Для відображення в таблиці потрібен принаймні один стовпець.",""
"Attach Files","Прикріпити файли",""
"Authorized Rozetka Delivery sender profile cannot be resolved","Не вдалося визначити авторизований профіль відправника Rozetka Delivery",""
"Auto Import","Автоматичний імпорт",""
"Auto-create Payment Entry","Автоматично створювати платіж",""
"Awaiting status synchronization","Очікується синхронізація статусу",""
"Back","Назад",""
"Background Jobs Check","Перевірка фонових завдань",""
"Backups (MB)","Резервні копії (МБ)",""
"Banking & Payments","Банки та платежі",""
"Base Path","Базовий шлях",""
"Base Path cannot traverse directories","Базовий шлях не може виходити за межі каталогу",""
"Base Path must be normalized","Базовий шлях має бути нормалізований",""
"Binary Logging","Бінарне журналювання",""
"Birthday Greeting Log","Журнал привітань із днем народження",""
"Boolean shipment parameter is invalid","Некоректний логічний параметр відправлення",""
"Bot token","Токен бота",""
"Bot username","Ім’я користувача бота",""
"Both from_ts and to_ts must be provided together","Параметри from_ts і to_ts потрібно передавати разом",""
"Browser Notifications Enabled","Сповіщення браузера увімкнено",""
"Browser notifications are blocked. Allow them in the browser site settings.","Сповіщення браузера заблоковані. Дозвольте їх у налаштуваннях сайту в браузері.",""
"Browser notifications are enabled","Сповіщення браузера увімкнено",""
"Browser notifications are not supported by this browser.","Цей браузер не підтримує системні сповіщення.",""
"Bufferpool Size","Розмір буферного пулу",""
"COD amount cannot exceed the insured value","Сума післяплати не може перевищувати оголошену вартість",""
"CSV delimiter must be one printable character","Розділювач CSV має бути одним друкованим символом",""
"Cache","Кеш",""
"Call ID","Ідентифікатор дзвінка",""
"Call verification number is required","Потрібен номер для перевірочного дзвінка",""
"Carrier ID","Ідентифікатор перевізника",""
"Carrier ID must be a valid UUID","Ідентифікатор перевізника має бути коректним UUID",""
"Catalog","Каталог",""
"Catalog Transport","Транспорт каталогу",""
"Catalog XML Profile","XML-профіль каталогу",""
"Channel Name","Назва каналу",""
"Channel Payment Type","Спосіб оплати каналу",""
"Channel Payment Type is required","Потрібно вказати спосіб оплати каналу",""
"Channel Status","Статус каналу",""
"Channel Status is required","Потрібно вказати статус каналу",""
"Channel and External ID are required","Потрібно вказати канал і зовнішній ідентифікатор",""
"Channels","Канали",""
"City ID","Ідентифікатор міста",""
"Code Hash","Хеш коду",""
"Communications","Комунікації",""
"Communications & Customers","Комунікації та покупці",""
"Completed At","Завершено о",""
"Configure at least one File Delivery Endpoint","Налаштуйте щонайменше одну адресу доставки файлів",""
"Connection successful","З’єднання успішне",""
"Contact Ref","Ідентифікатор контакту",""
"Content Language","Мова вмісту",""
"Counterparty Token","Токен контрагента",""
"Create SO+SI+Payment","Створити замовлення, рахунок і платіж",""
"Create Telegram Notification","Створити Telegram-сповіщення",""
"Customer Birthday Greeting Log","Журнал привітань покупців із днем народження",""
"Customer Identification","Ідентифікація покупця",""
"Customer Identification Request","Запит ідентифікації покупця",""
"Customer Identification Requests","Запити ідентифікації покупця",""
"Customer Identification Settings","Налаштування каналів ідентифікації",""
"Customer Mapping","Зіставлення покупців",""
"Customers Transport","Транспорт покупців",""
"Database","База даних",""
"Database Version","Версія бази даних",""
"Days Back","Кількість попередніх днів",""
"Default Extension","Типовий внутрішній номер",""
"Default Settlement Ref","Типовий ідентифікатор населеного пункту",""
"Default Warehouse Ref","Типовий ідентифікатор відділення",""
"Delete Demo Data","Видалити демонстраційні дані",""
"Delimiter","Розділювач",""
"Delivery payer must be sender or receiver","Платником за доставку має бути відправник або одержувач",""
"Department ID","Ідентифікатор відділення",""
"Destination phone","Телефон одержувача",""
"Dialer IDs must be positive integers","Ідентифікатори автодозвону мають бути додатними цілими числами",""
"Dialer number","Номер автодозвону",""
"Dialer timeout must be between 1 and 300 seconds","Тайм-аут автодозвону має бути від 1 до 300 секунд",""
"Document Structure","Структура документа",""
"Dormant","Призупинено через неактивність",""
"Duration (sec)","Тривалість (с)",""
"E-commerce","Електронна комерція",""
"ERP Action","Дія в ERP",""
"ERP Bank Account","Банківський рахунок ERP",""
"ERP Bank Account belongs to a different company","Банківський рахунок ERP належить іншій компанії",""
"ERP Bank Account does not exist: {0}","Банківський рахунок ERP не існує: {0}",""
"ERP Bank Account must be linked to a ledger account with a currency","Банківський рахунок ERP має бути пов’язаний із бухгалтерським рахунком, для якого задано валюту",""
"ERP Field","Поле ERP",""
"ERP Field and External Field are required","Потрібно вказати поле ERP і зовнішнє поле",""
"ERP fields must be unique within an ecommerce layout","Поля ERP у макеті електронної комерції не мають повторюватися",""
"ERPNext Configuration","Налаштування ERPNext",""
"ERPNext Status","Статус ERPNext",""
"Ecommerce Channel","Канал електронної комерції",""
"Ecommerce Channels","Канали електронної комерції",""
"Ecommerce Customer Mapping","Зіставлення покупців електронної комерції",""
"Ecommerce File Exchange","Файловий обмін електронної комерції",""
"Ecommerce File Field","Поле файла електронної комерції",""
"Ecommerce File Layout","Макет файла електронної комерції",""
"Ecommerce File Layouts","Макети файлів електронної комерції",""
"Ecommerce Item Mapping","Зіставлення товарів електронної комерції",""
"Ecommerce Item Mappings","Зіставлення товарів електронної комерції",""
"Ecommerce Order Status Map","Зіставлення статусів замовлень електронної комерції",""
"Ecommerce Payment Route","Маршрут оплати електронної комерції",""
"Ecommerce Reserve Until","Резерв електронної комерції до",""
"Ecommerce Status","Статус електронної комерції",""
"Ecommerce Sync Entity Config","Налаштування синхронізації сутності електронної комерції",""
"Ecommerce Sync Log","Журнал синхронізації електронної комерції",""
"Ecommerce Sync Log is append-only","Журнал синхронізації електронної комерції доступний лише для додавання",""
"Ecommerce Sync Logs","Журнали синхронізації електронної комерції",""
"Ecommerce Warehouse Sync","Синхронізація складу електронної комерції",""
"Ecommerce file layout requires at least one field","Макет файла електронної комерції має містити принаймні одне поле",""
"Ecommerce layout format must be CSV, XML or YML","Формат макета електронної комерції має бути CSV, XML або YML",""
"Ecommerce sync counters cannot be negative","Лічильники синхронізації електронної комерції не можуть бути від’ємними",""
"Ecommerce transform is not registered: {0}","Перетворення електронної комерції не зареєстроване: {0}",""
"Emails","Електронна пошта",""
"Enable Browser Notifications","Увімкнути сповіщення браузера",""
"Enable at least one ocStore export entity (Products, Prices, Stock or Photos), save the settings and try again.","Увімкніть щонайменше одну сутність експорту ocStore (Товари, Ціни, Залишки або Фото), збережіть налаштування та повторіть спробу.",""
"Enable the ocStore Orders import entity with the File method, save the settings and try again.","Увімкніть сутність імпорту замовлень ocStore з методом File, збережіть налаштування та повторіть спробу.",""
"Enabled File synchronization requires a format and layout","Для увімкненої файлової синхронізації потрібні формат і макет",""
"Enabled LiqPay profile not found","Увімкнений профіль LiqPay не знайдено",""
"Enabled LiqPay profile requires public/private keys and Server URL","Для увімкненого профілю LiqPay потрібні публічний і приватний ключі та URL-адреса сервера",""
"Enabled LiqPay profile {0} requires public/private keys and Server URL","Для увімкненого профілю LiqPay {0} потрібні публічний і приватний ключі та URL-адреса сервера",""
"Enabled LiqPay profiles must use unique public keys","Увімкнені профілі LiqPay мають використовувати унікальні публічні ключі",""
"Enabled Monobank profile not found","Увімкнений профіль monobank не знайдено",""
"Enabled Monobank profile requires a token","Для увімкненого профілю monobank потрібен токен",""
"Enabled Monobank profile {0} requires a token","Для увімкненого профілю monobank {0} потрібен токен",""
"Enabled PrivatBank profile not found","Увімкнений профіль ПриватБанку не знайдено",""
"Enabled PrivatBank profile requires a token","Для увімкненого профілю ПриватБанку потрібен токен",""
"Enabled PrivatBank profile {0} requires a token","Для увімкненого профілю ПриватБанку {0} потрібен токен",""
"Enabled TurboSMS integration requires a token","Для увімкненої інтеграції TurboSMS потрібен токен",""
"Enabled VitalPBX integration requires a webhook key","Для увімкненої інтеграції VitalPBX потрібен ключ webhook",""
"Enabled VitalPBX integration requires an API key","Для увімкненої інтеграції VitalPBX потрібен ключ API",""
"Enabled ocStore entities require File / XML synchronization","Для активних сутностей ocStore потрібна синхронізація File / XML",""
"Enabled ocStore file synchronization requires an Exchange FTP Profile","Для активної файлової синхронізації ocStore потрібен FTP-профіль обміну",""
"Enabled ocStore order import requires at least one status mapping","Для активного імпорту замовлень ocStore потрібне щонайменше одне зіставлення статусу",""
"Enabled ocStore photo export requires a Photo FTP Profile and URL Prefix","Для активного експорту фото ocStore потрібні FTP-профіль фото та префікс URL",""
"Endpoint Name","Назва кінцевої точки",""
"Error Trace","Трасування помилки",""
"Errors","Помилки",""
"Exchange FTP Profile","FTP-профіль обміну",""
"Exchange File","Файл обміну",""
"Export All Enabled Items","Експортувати всі активні товари",""
"Export File Prefix","Префікс файлів експорту",""
"Export Hash State","Стан хешів експорту",""
"Export Hash State contains an invalid payload hash","Стан хешів експорту містить некоректний хеш даних",""
"Export Hash State must be valid JSON","Стан хешів експорту має бути коректним JSON",""
"Export Only Mapped Items","Експортувати лише зіставлені товари",""
"Export XML Now","Експортувати XML зараз",""
"Exported {0} records","Експортовано записів: {0}",""
"Extension","Внутрішній номер",""
"Extension is required","Потрібен внутрішній номер",""
"External Customer ID","Зовнішній ідентифікатор покупця",""
"External Field","Зовнішнє поле",""
"External ID","Зовнішній ідентифікатор",""
"External ID is required for successful resolution","Для успішного завершення потрібен зовнішній ідентифікатор",""
"External Reference","Зовнішнє посилання",""
"External SKU","Зовнішній артикул",""
"External Status","Зовнішній статус",""
"External Status ID","Ідентифікатор зовнішнього статусу",""
"External Warehouse ID","Ідентифікатор зовнішнього складу",""
"External fields must be unique within an ecommerce layout","Зовнішні поля в макеті електронної комерції не мають повторюватися",""
"FTP/FTPS endpoint requires a password","Для кінцевої точки FTP/FTPS потрібен пароль",""
"Failed Emails","Листи з помилкою",""
"Failed Jobs","Невдалі завдання",""
"Failed Logins (Last 30 days)","Невдалі входи (останні 30 днів)",""
"Failing Scheduled Jobs (last 7 days)","Проблемні завдання планувальника (останні 7 днів)",""
"Failure Rate","Частка помилок",""
"File Delivery Endpoint","Кінцева точка доставки файлів",""
"File Delivery Endpoints","Кінцеві точки доставки файлів",""
"File Exchange","Файловий обмін",""
"File Fields","Поля файла",""
"File Format","Формат файла",""
"File Layout","Макет файла",""
"File Layouts","Макети файлів",""
"File Storage","Файлове сховище",""
"File delivery username is required","Потрібно вказати ім’я користувача доставки файлів",""
"File layout format does not match the synchronization format","Формат макета файла не відповідає формату синхронізації",""
"Framework","Платформа Frappe",""
"Frappe Support","Підтримка Frappe",""
"Gateway API Key","Ключ API шлюзу",""
"Generate Catalog File","Створити файл каталогу",""
"Generate Prices and Stock File","Створити файл цін і залишків",""
"Group Client ID (id)","Ідентифікатор клієнта групи (id)",""
"Handled Emails","Оброблені листи",""
"House Number","Номер будинку",""
"Hunter Integration Log","Журнал інтеграцій HUNTER",""
"Idempotency key is required","Потрібен ключ ідемпотентності",""
"Idempotency key is too long","Ключ ідемпотентності задовгий",""
"Idempotency key was already used for a different request","Цей ключ ідемпотентності вже використано для іншого запиту",""
"Identification Channel Settings","Налаштування каналів ідентифікації",""
"Import Orders Now","Імпортувати замовлення зараз",""
"Incoming Emails (Last 7 days)","Вхідні листи (останні 7 днів)",""
"Initial Sync Days","Днів початкової синхронізації",""
"Integration","Інтеграція",""
"Integration Log","Журнал інтеграцій",""
"Integration Operations","Операції інтеграцій",""
"Interval Minutes","Інтервал у хвилинах",""
"Invalid Monobank statement time range","Некоректний часовий діапазон виписки monobank",""
"Invalid Rozetka Delivery track ID","Некоректний ідентифікатор відправлення Rozetka Delivery",""
"Invalid Ukrposhta delivery type","Некоректний тип доставки Укрпошти",""
"Invalid Ukrposhta onFailReceiveType","Некоректне значення onFailReceiveType Укрпошти",""
"Invalid boolean value","Некоректне логічне значення",""
"Item Element","Елемент товару",""
"Item Mapping","Зіставлення товарів",""
"Item Mappings","Зіставлення товарів",""
"Last 10 active users","Останні 10 активних користувачів",""
"Last Catalog Sync","Остання синхронізація каталогу",""
"Last Customers Sync","Остання синхронізація покупців",""
"Last Export","Останній експорт",""
"Last Export Hash","Хеш останнього експорту",""
"Last Export Hash must be a lowercase SHA-256 value","Хеш останнього експорту має бути значенням SHA-256 у нижньому регістрі",""
"Last Order Import","Останній імпорт замовлень",""
"Last Order Status Sync","Остання синхронізація статусів замовлень",""
"Last Orders Sync","Остання синхронізація замовлень",""
"Last Run","Останній запуск",""
"Last Stock Sync","Остання синхронізація залишків",""
"Last Synced At","Час останньої синхронізації",""
"Layout Name","Назва макета",""
"Legacy Enabled","Увімкнено у старій версії",""
"Legacy External Mapping Key","Старий ключ зовнішнього зіставлення",""
"Legacy External SKU","Старий зовнішній артикул",""
"Legacy Mapping Key","Старий ключ зіставлення",""
"Legacy Migration","Міграція старих даних",""
"LiqPay API version must be 3 or 7","Версія API LiqPay має бути 3 або 7",""
"LiqPay Bank Account belongs to a different company","Банківський рахунок LiqPay належить іншій компанії",""
"LiqPay ERP Bank Account belongs to a different company","Банківський рахунок ERP для LiqPay належить іншій компанії",""
"LiqPay Profile","Профіль LiqPay",""
"LiqPay Profiles","Профілі LiqPay",""
"LiqPay Result URL must match the selected server-side profile","URL-адреса результату LiqPay має відповідати вибраному серверному профілю",""
"LiqPay Server URL must match the selected server-side profile","URL-адреса сервера LiqPay має відповідати вибраному серверному профілю",""
"LiqPay Settings","Налаштування LiqPay",""
"LiqPay auto reconciliation requires Company, Bank Account and Mode of Payment","Для автоматичної звірки LiqPay потрібні компанія, банківський рахунок і спосіб оплати",""
"LiqPay checkout currently supports only UAH Sales Invoices","Оплата LiqPay наразі підтримує лише рахунки-фактури продажу в гривні",""
"LiqPay credentials are not configured","Облікові дані LiqPay не налаштовано",""
"LiqPay integration is disabled","Інтеграцію LiqPay вимкнено",""
"LiqPay profile {0}: auto reconciliation requires Bank Account, Mode of Payment and Company","Профіль LiqPay {0}: для автоматичної звірки потрібні банківський рахунок, спосіб оплати та компанія",""
"LiqPay server callback URL is required","Потрібна серверна callback URL-адреса LiqPay",""
"MariaDB Variables","Змінні MariaDB",""
"Maximum Order Files Per Run","Максимум файлів замовлень за запуск",""
"Memory Usage","Використання пам’яті",""
"Migration Source","Джерело міграції",""
"Monitoring","Моніторинг",""
"Monobank Bank Account belongs to a different company","Банківський рахунок monobank належить іншій компанії",""
"Monobank ERP Bank Account belongs to a different company","Банківський рахунок ERP для monobank належить іншій компанії",""
"Monobank Profile","Профіль monobank",""
"Monobank Profiles","Профілі monobank",""
"Monobank Settings","Налаштування monobank",""
"Monobank Settings not found","Налаштування monobank не знайдено",""
"Monobank account ID is invalid","Некоректний ідентифікатор рахунку monobank",""
"Monobank auto import days must be between 1 and 31","Кількість днів автоматичного імпорту monobank має бути від 1 до 31",""
"Monobank auto import requires Account, ERP Bank Account and Company","Для автоматичного імпорту monobank потрібні рахунок, банківський рахунок ERP і компанія",""
"Monobank auto-import days must be between 1 and 31","Кількість днів автоматичного імпорту monobank має бути від 1 до 31",""
"Monobank integration is disabled","Інтеграцію monobank вимкнено",""
"Monobank profile not found","Профіль monobank не знайдено",""
"Monobank profile requires Company and ERP Bank Account","Для профілю monobank потрібні компанія та банківський рахунок ERP",""
"Monobank profile {0}: auto import requires Account, Bank Account and Company","Профіль monobank {0}: для автоматичного імпорту потрібні рахунок, банківський рахунок і компанія",""
"Monobank statement end time cannot be in the future","Час завершення виписки monobank не може бути в майбутньому",""
"Monobank statement range cannot exceed 31 days","Діапазон виписки monobank не може перевищувати 31 день",""
"Multi-parcel Rozetka Delivery shipments are not supported","Відправлення Rozetka Delivery з кількох місць не підтримуються",""
"Multi-parcel Ukrposhta shipments are not supported by this endpoint","Цей endpoint не підтримує відправлення Укрпошти з кількох місць",""
"My Workspaces","Мої робочі простори",""
"NP Sender Branch Row","Відділення відправника Нової пошти",""
"NP Sender Profile","Профіль відправника Нової пошти",""
"New ERPNext notification","Нове сповіщення ERPNext",""
"New Users (Last 30 days)","Нові користувачі (останні 30 днів)",""
"No active Rozetka Delivery sender profile is configured","Не налаштовано активного профілю відправника Rozetka Delivery",""
"Nova Poshta","Нова пошта",""
"Nova Poshta API Key","Ключ API Нової пошти",""
"Nova Poshta API key is not configured for the selected sender profile","Для вибраного профілю відправника не налаштовано ключ API Нової пошти",""
"Nova Poshta Sender Profiles","Профілі відправника Нової пошти",""
"Nova Poshta label exceeds the configured size limit","Етикетка Нової пошти перевищує налаштований ліміт розміру",""
"Nova Poshta label request failed with HTTP {0}","Запит етикетки Нової пошти завершився помилкою HTTP {0}",""
"Nova Poshta returned an invalid label document","Нова пошта повернула некоректний документ етикетки",""
"Nova Poshta returned an invalid label size","Нова пошта повернула некоректний розмір етикетки",""
"Nova Poshta sender profile is incomplete","Профіль відправника Нової пошти заповнено не повністю",""
"Nova Poshta sender profile not found or inactive: {0}","Профіль відправника Нової пошти не знайдено або він неактивний: {0}",""
"Number is required","Потрібен номер",""
"Number of keys","Кількість ключів",""
"Number of onsite backups","Кількість локальних резервних копій",""
"OcStore Settings","Налаштування ocStore",""
"Occurrences","Кількість випадків",""
"Oldest Unscheduled Job","Найстаріше невиконане заплановане завдання",""
"Only one active default TurboSMS sender is allowed","Дозволено лише одного активного типового відправника TurboSMS",""
"Only one default Nova Poshta profile is allowed","Дозволено лише один типовий профіль Нової пошти",""
"Only one default Rozetka Delivery profile is allowed","Дозволено лише один типовий профіль Rozetka Delivery",""
"Only one default Ukrposhta profile is allowed","Дозволено лише один типовий профіль Укрпошти",""
"Only one default sender branch is allowed","Дозволено лише одне типове відділення відправника",""
"Operation Type","Тип операції",""
"Operation already exists with status {0}; reconcile it before retrying","Операція вже існує зі статусом {0}; звірте її перед повторною спробою",""
"Operation does not belong to Rozetka Delivery","Операція не належить Rozetka Delivery",""
"Operation not found","Операцію не знайдено",""
"Operation status cannot be manually resolved: {0}","Статус операції не можна змінити вручну: {0}",""
"Operations & Monitoring","Операції та моніторинг",""
"Optional UUID returned by /api/carrier. Leave empty for Rozetka Delivery departments.","Необов’язковий UUID із /api/carrier. Для відділень Rozetka Delivery залиште порожнім.",""
"Order Status Map","Зіставлення статусів замовлень",""
"Order Status Mapping","Зіставлення статусів замовлень",""
"Order Status Transport","Транспорт статусів замовлень",""
"Order XML Profile","XML-профіль замовлень",""
"Order statuses must be unique within an ocStore instance","Статуси замовлень мають бути унікальними в межах екземпляра ocStore",""
"Orders File Prefix","Префікс файлів замовлень",""
"Orders Maximum Pages","Максимум сторінок замовлень",""
"Orders Overlap (minutes)","Перекриття замовлень (хвилини)",""
"Orders Page Size","Розмір сторінки замовлень",""
"Orders Transport","Транспорт замовлень",""
"Outgoing Emails (Last 7 days)","Вихідні листи (останні 7 днів)",""
"POS Administrator","Адміністратор POS",""
"POS Manager","Менеджер POS",""
"Paid To Account","Рахунок зарахування",""
"Paid To Account must be a ledger account","Рахунок зарахування має бути бухгалтерським рахунком",""
"Partial","Частково",""
"Passive Mode","Пасивний режим",""
"Payload Reference","Посилання на дані",""
"Payload Reference must be a path or document name, not a URL","Посилання на дані має бути шляхом або назвою документа, а не URL-адресою",""
"Payment Routes","Маршрути платежів",""
"Payment Routing","Маршрутизація платежів",""
"Payment amount exceeds invoice outstanding amount","Сума платежу перевищує несплачений залишок рахунку-фактури",""
"Payment routes must be unique within an ocStore instance","Маршрути платежів мають бути унікальними в межах екземпляра ocStore",""
"Pending Emails","Листи в очікуванні",""
"Pending Jobs","Завдання в очікуванні",""
"Photo FTP Profile","FTP-профіль фото",""
"Photo URL Prefix","Префікс URL фото",""
"Photos","Фотографії",""
"Polling","Опитування",""
"Popup Enabled","Спливне вікно увімкнено",""
"Port must be between 1 and 65535","Порт має бути в межах від 1 до 65535",""
"Postcode","Поштовий індекс",""
"Prices","Ціни",""
"Prices and Stock","Ціни та залишки",""
"Prices and Stock Transport","Транспорт цін і залишків",""
"PrivatBank Bank Account belongs to a different company","Банківський рахунок ПриватБанку належить іншій компанії",""
"PrivatBank ERP Bank Account belongs to a different company","Банківський рахунок ERP для ПриватБанку належить іншій компанії",""
"PrivatBank Profile","Профіль ПриватБанку",""
"PrivatBank Profiles","Профілі ПриватБанку",""
"PrivatBank Settings","Налаштування ПриватБанку",""
"PrivatBank auto import days must be between 1 and 366","Кількість днів автоматичного імпорту ПриватБанку має бути від 1 до 366",""
"PrivatBank auto import requires Account, ERP Bank Account and Company","Для автоматичного імпорту ПриватБанку потрібні рахунок, банківський рахунок ERP і компанія",""
"PrivatBank auto-import days must be between 1 and 366","Кількість днів автоматичного імпорту ПриватБанку має бути від 1 до 366",""
"PrivatBank integration is disabled","Інтеграцію ПриватБанку вимкнено",""
"PrivatBank profile not found","Профіль ПриватБанку не знайдено",""
"PrivatBank profile requires Company and ERP Bank Account","Для профілю ПриватБанку потрібні компанія та банківський рахунок ERP",""
"PrivatBank profile {0}: auto import requires Account, Bank Account and Company","Профіль ПриватБанку {0}: для автоматичного імпорту потрібні рахунок, банківський рахунок і компанія",""
"PrivatBank statement range must be ordered and no longer than 366 days","Діапазон виписки ПриватБанку має бути впорядкованим і не довшим за 366 днів",""
"Private Files (MB)","Приватні файли (МБ)",""
"Proceed","Продовжити",""
"Process Import","Обробити імпорт",""
"Process Not Found","Процес не знайдено",""
"Processed","Оброблено",""
"Processed At","Час обробки",""
"Processed {0} order files","Оброблено файлів замовлень: {0}",""
"Processing Result","Результат обробки",""
"Processing ecommerce file","Обробка файла електронної комерції",""
"Profile Name","Назва профілю",""
"Profile is required","Потрібен профіль",""
"Profiles","Профілі",""
"Protocol","Протокол",""
"Protocol must be FTP, FTPS or SFTP","Протокол має бути FTP, FTPS або SFTP",""
"Public Files (MB)","Публічні файли (МБ)",""
"Push to Channel","Надсилати в канал",""
"Queue","Черга",""
"Queue Status","Стан черг",""
"Queues","Черги",""
"RZ Delivery Sender Profile","Профіль відправника Rozetka Delivery",""
"RZ Delivery Sender Profile is not installed; run bench migrate","Профіль відправника Rozetka Delivery не встановлено; виконайте bench migrate",""
"Raw Payload","Необроблені дані",""
"Realtime (SocketIO)","Реальний час (SocketIO)",""
"Recipient city/warehouse refs are required","Потрібні ідентифікатори міста та відділення одержувача",""
"Recipient first name and last name are required","Потрібні ім’я та прізвище одержувача",""
"Recipient phone must be a valid Ukrainian number","Телефон одержувача має бути коректним українським номером",""
"Records Failed","Записів з помилкою",""
"Records OK","Успішних записів",""
"Reference type and name must be provided together","Тип і назву посилання потрібно вказувати разом",""
"Registered Transform","Зареєстроване перетворення",""
"Remote Path","Віддалений шлях",""
"Request Payload","Дані запиту",""
"Request SHA-256","SHA-256 запиту",""
"Request Timeout (sec)","Тайм-аут запиту (с)",""
"Request Token","Токен запиту",""
"Required","Обов’язково",""
"Required for group mode API","Обов’язково для групового режиму API",""
"Reserve Days","Днів резервування",""
"Reserve Days must be between 1 and 365","Кількість днів резервування має бути в межах від 1 до 365",""
"Resolution must be failed, succeeded or reconciled","Результат має бути failed, succeeded або reconciled",""
"Response Payload","Дані відповіді",""
"Result","Результат",""
"Result URL","URL-адреса результату",""
"Root Element","Кореневий елемент",""
"Row Count","Кількість рядків",""
"Rozetka Delivery Sender Profiles","Профілі відправника Rozetka Delivery",""
"Rozetka Delivery content language must be uk, en or ru","Мова вмісту Rozetka Delivery має бути uk, en або ru",""
"Rozetka Delivery did not return a label","Rozetka Delivery не повернула етикетку",""
"Rozetka Delivery did not return a track status","Rozetka Delivery не повернула статус відправлення",""
"Rozetka Delivery fields are missing; run bench migrate first: {0}","Відсутні поля Rozetka Delivery; спочатку виконайте bench migrate: {0}",""
"Rozetka Delivery label is not a PDF","Етикетка Rozetka Delivery не є PDF-файлом",""
"Rozetka Delivery label is too large","Етикетка Rozetka Delivery завелика",""
"Rozetka Delivery returned an invalid base64 label","Rozetka Delivery повернула некоректну етикетку base64",""
"Rozetka Delivery sender profile belongs to a different company","Профіль відправника Rozetka Delivery належить іншій компанії",""
"Rozetka Delivery sender profile not found or inactive: {0}","Профіль відправника Rozetka Delivery не знайдено або він неактивний: {0}",""
"Rozetka Delivery sender profile requires first and last name","Для профілю відправника Rozetka Delivery потрібні ім’я та прізвище",""
"Rozetka Delivery shipments from Sales Invoice require UAH currency","Для відправлень Rozetka Delivery із рахунку-фактури продажу потрібна валюта UAH",""
"SFTP endpoint requires a password or SSH private key","Для кінцевої точки SFTP потрібен пароль або приватний ключ SSH",""
"SMS template must contain {code} and {minutes}","Шаблон SMS має містити {code} і {minutes}",""
"SMS text exceeds the configured maximum length ({0})","Текст SMS перевищує налаштовану максимальну довжину ({0})",""
"SSH Private Key","Приватний ключ SSH",""
"Sales Invoice already has Nova Poshta TTN {0}","Рахунок-фактура продажу вже має ТТН Нової пошти {0}",""
"Sales Invoice already has Rozetka Delivery track {0}","Рахунок-фактура продажу вже має відправлення Rozetka Delivery {0}",""
"Sales Invoice already has Ukrposhta barcode {0}","Рахунок-фактура продажу вже має штрихкод Укрпошти {0}",""
"Sales Invoice has no positive outstanding amount","Рахунок-фактура продажу не має додатного несплаченого залишку",""
"Sales Invoice is required","Потрібен рахунок-фактура продажу",""
"Sales Invoice must be submitted","Рахунок-фактуру продажу потрібно провести",""
"Scheduler","Планувальник",""
"Scheduler Status","Стан планувальника",""
"Secret key for VitalPBX -> ERP webhook auth","Секретний ключ авторизації webhook VitalPBX → ERP",""
"Select a Telegram Bot Profile","Виберіть профіль Telegram-бота",""
"Selected Telegram Bot Profile has no token","У вибраному профілі Telegram-бота немає токена",""
"Selected Telegram Bot Profile is disabled","Вибраний профіль Telegram-бота вимкнено",""
"Sender Branches","Відділення відправника",""
"Sender Phone","Телефон відправника",""
"Sender Ref","Ідентифікатор відправника",""
"Sender branch does not belong to the selected Nova Poshta profile","Відділення відправника не належить вибраному профілю Нової пошти",""
"Sender is not configured or inactive","Відправника не налаштовано або він неактивний",""
"Sender phone must be a valid Ukrainian number","Телефон відправника має бути коректним українським номером",""
"Senders","Відправники",""
"Server URL","URL-адреса сервера",""
"Settlement Ref","Ідентифікатор населеного пункту",""
"Size (MB)","Розмір (МБ)",""
"SocketIO Ping Check","Перевірка зв’язку SocketIO",""
"SocketIO Transport Mode","Режим передавання SocketIO",""
"Static API Token","Статичний токен API",""
"Static bearer token created in the Rozetka Delivery partner account.","Статичний bearer-токен, створений у кабінеті партнера Rozetka Delivery.",""
"Status Mapping","Зіставлення статусів",""
"Stock reservation requires a Sales Order action","Для резервування залишку потрібна дія із замовленням на продаж",""
"Storage Usage (MB)","Використання сховища (МБ)",""
"Storage Usage By Table","Використання сховища за таблицями",""
"Store Name","Назва магазину",""
"Store URL","URL-адреса магазину",""
"Street","Вулиця",""
"Sync Catalog Now","Синхронізувати каталог зараз",""
"Sync Customers Now","Синхронізувати покупців зараз",""
"Sync Logs","Журнали синхронізації",""
"Sync Order Statuses Now","Синхронізувати статуси замовлень зараз",""
"Sync Orders Now","Синхронізувати замовлення зараз",""
"Sync Prices and Stock Now","Синхронізувати ціни й залишки зараз",""
"Sync Status","Статус синхронізації",""
"Synchronization Entities","Сутності синхронізації",""
"Synchronization Matrix","Матриця синхронізації",""
"Synchronization Routes","Маршрути синхронізації",""
"Synchronization State","Стан синхронізації",""
"Synchronization entities must be unique within an ocStore instance","Сутності синхронізації мають бути унікальними в межах екземпляра ocStore",""
"Synchronization interval must be between 1 and 43200 minutes","Інтервал синхронізації має бути в межах від 1 до 43200 хвилин",""
"Synchronizing ecommerce channel","Синхронізація каналу електронної комерції",""
"System Health","Стан системи",""
"System Health Report","Звіт про стан системи",""
"System Health Report Errors","Помилки звіту про стан системи",""
"System Health Report Failing Jobs","Проблемні завдання звіту про стан системи",""
"System Health Report Queue","Черги звіту про стан системи",""
"System Health Report Tables","Таблиці звіту про стан системи",""
"System Health Report Workers","Обробники звіту про стан системи",""
"TTN Ref is invalid","Некоректний ідентифікатор ТТН",""
"TTN is required","Потрібна ТТН",""
"Telegram Bot Profile","Профіль Telegram-бота",""
"Telegram User ID","Ідентифікатор користувача Telegram",""
"Telegram bot","Telegram-бот",""
"Telegram bot token is required","Потрібен токен Telegram-бота",""
"Telegram bot username is required","Потрібне ім’я користувача Telegram-бота",""
"Telegram webhook secret is required","Потрібен секрет webhook Telegram",""
"Tenant","Орендар",""
"Terminal Prefix Allowlist","Дозволені префікси терміналів",""
"Test API","Перевірити API",""
"Test Connection","Перевірити з’єднання",""
"Test FTP Connections","Перевірити FTP-з’єднання",""
"Test Job ID","Ідентифікатор тестового завдання",""
"The LiqPay profile company does not match the Sales Invoice company","Компанія профілю LiqPay не відповідає компанії рахунку-фактури продажу",""
"The TTN does not belong to the current user","ТТН не належить поточному користувачу",""
"The TTN does not belong to this operation","ТТН не належить цій операції",""
"The checkout operation already has status {0}; use a new idempotency key only for a new payment attempt","Операція оплати вже має статус {0}; використовуйте новий ключ ідемпотентності лише для нової спроби оплати",""
"The default Nova Poshta profile must be active","Типовий профіль Нової пошти має бути активним",""
"The default Rozetka Delivery profile must be active","Типовий профіль Rozetka Delivery має бути активним",""
"The default Ukrposhta profile must be active","Типовий профіль Укрпошти має бути активним",""
"The label operation is not valid","Операція отримання етикетки некоректна",""
"The selected Rozetka Delivery profile has no API token","Вибраний профіль Rozetka Delivery не має токена API",""
"The sender profile does not belong to this operation","Профіль відправника не належить цій операції",""
"The sender profile does not match the Sales Invoice","Профіль відправника не відповідає рахунку-фактурі продажу",""
"Top Errors","Найчастіші помилки",""
"Total Background Workers","Загальна кількість фонових обробників",""
"Total Errors (last 1 day)","Усього помилок (за останню добу)",""
"Total Outgoing Emails","Усього вихідних листів",""
"Total Users","Усього користувачів",""
"Track does not match the operation","Відправлення не відповідає операції",""
"Track is not linked to an authorized invoice","Відправлення не пов’язано з дозволеним рахунком-фактурою",""
"Tracking Token","Токен відстеження",""
"Transform","Перетворення",""
"TurboSMS Log","Журнал TurboSMS",""
"TurboSMS Sender","Відправник TurboSMS",""
"TurboSMS Sender Row","Відправник TurboSMS",""
"TurboSMS Settings","Налаштування TurboSMS",""
"TurboSMS integration is disabled","Інтеграцію TurboSMS вимкнено",""
"TurboSMS rejected the message: {0}","TurboSMS відхилила повідомлення: {0}",""
"TurboSMS returned an ambiguous response; reconcile before retrying","TurboSMS повернула неоднозначну відповідь; виконайте звірку перед повторною спробою",""
"TurboSMS returned an invalid response","TurboSMS повернула некоректну відповідь",""
"TurboSMS sender names must be unique","Імена відправників TurboSMS мають бути унікальними",""
"UA Integration Operation","Операція української інтеграції",""
"UP Sender Profile","Профіль відправника Укрпошти",""
"Ukraine Services","Українські сервіси",""
"Ukrainian Integrations","Українські інтеграції",""
"Ukrposhta","Укрпошта",""
"Ukrposhta Sender Profiles","Профілі відправника Укрпошти",""
"Ukrposhta barcode must contain 6-40 letters or digits","Штрихкод Укрпошти має містити від 6 до 40 літер або цифр",""
"Ukrposhta client phone must be a valid Ukrainian number","Телефон клієнта Укрпошти має бути коректним українським номером",""
"Ukrposhta client type must be INDIVIDUAL or COMPANY","Тип клієнта Укрпошти має бути INDIVIDUAL або COMPANY",""
"Ukrposhta postcode must contain exactly five digits","Індекс Укрпошти має містити рівно п’ять цифр",""
"Ukrposhta postcodes must contain exactly five digits","Індекси Укрпошти мають містити рівно п’ять цифр",""
"Ukrposhta sender profile not found or inactive: {0}","Профіль відправника Укрпошти не знайдено або він неактивний: {0}",""
"Unhandled Emails","Необроблені листи",""
"Unique Key","Унікальний ключ",""
"Unsupported ecommerce ERP action","Непідтримувана дія електронної комерції в ERP",""
"Unsupported ecommerce file transform","Непідтримуване перетворення файла електронної комерції",""
"Unsupported ecommerce sync entity","Непідтримувана сутність синхронізації електронної комерції",""
"Unsupported ecommerce synchronization method","Непідтримуваний метод синхронізації електронної комерції",""
"Update Status","Оновити статус",""
"Utilization","Завантаження",""
"Variant SKU","Артикул варіанта",""
"VitalPBX Call Log","Журнал дзвінків VitalPBX",""
"VitalPBX Settings","Налаштування VitalPBX",""
"VitalPBX did not provide explicit call acceptance","VitalPBX не підтвердила прийняття виклику",""
"VitalPBX integration is disabled","Інтеграцію VitalPBX вимкнено",""
"VitalPBX rejected the call request","VitalPBX відхилила запит на дзвінок",""
"VitalPBX returned an ambiguous response","VitalPBX повернула неоднозначну відповідь",""
"Warehouse Mapping","Зіставлення складів",""
"Warehouse Ref","Ідентифікатор відділення",""
"Warehouse {0} belongs to another company","Склад {0} належить іншій компанії",""
"Warehouses must be unique within an ocStore instance","Склади мають бути унікальними в межах екземпляра ocStore",""
"Webhook Key","Ключ webhook",""
"Webhook secret","Секрет webhook",""
"Websocket","WebSocket",""
"Workspaces","Робочі простори",""
"You do not have permission to access this operation","У вас немає доступу до цієї операції",""
"You may only call from your assigned VitalPBX extension","Ви можете телефонувати лише зі свого призначеного внутрішнього номера VitalPBX",""
"account is required","Потрібен рахунок",""
"account_id is required","Потрібен account_id",""
"answered","відповіли",""
"completed","завершено",""
"custom-method-path","зареєстрований метод",""
"eCom Token","Токен eCom",""
"en","англійська",""
"error","помилка",""
"failed","невдало",""
"finished","завершено",""
"html_strip","видалити HTML",""
"idempotency_key is required","Потрібен idempotency_key",""
"idempotency_key is required for standalone TTN creation","Для окремого створення ТТН потрібен idempotency_key",""
"idempotency_key is required for standalone shipment creation","Для окремого створення відправлення потрібен idempotency_key",""
"in","вхідний",""
"inbound","вхідний",""
"missed","пропущено",""
"none","без перетворення",""
"number_2dp","число з двома десятковими знаками",""
"ocStore Price List currency must match the channel currency","Валюта прайс-листа ocStore має збігатися з валютою каналу",""
"ocStore Price List does not exist","Прайс-лист ocStore не існує",""
"ocStore does not support the {0} synchronization entity","ocStore не підтримує сутність синхронізації {0}",""
"ocStore export is not configured","Експорт ocStore не налаштовано",""
"ocStore order import is not configured","Імпорт замовлень ocStore не налаштовано",""
"ocStore requires an enabled selling Price List","Для ocStore потрібен активний прайс-лист продажу",""
"ocStore supports File synchronization only","ocStore підтримує лише файлову синхронізацію",""
"out","вихідний",""
"outbound","вихідний",""
"profile is required","Потрібен профіль",""
"queued","у черзі",""
"reconciled","звірено",""
"ringing","виклик",""
"ru","російська",""
"started","розпочато",""
"succeeded","успішно",""
"uk","українська",""
"unknown","невідомо",""
"verified","підтверджено",""
"{0} host is not allowlisted. Configure {1} in site_config.json","Хост {0} не входить до списку дозволених. Налаштуйте {1} у site_config.json",""
"{0} is invalid","Некоректне значення {0}",""
"{0} must be a valid UUID","{0} має бути коректним UUID",""
"{0} must be a valid Ukrainian phone number","{0} має бути коректним українським номером телефону",""
"{0} must be a valid hostname without credentials or a port","{0} має бути коректним ім’ям хоста без облікових даних і порту",""
"{0} must be a valid {1} URL without embedded credentials","{0} має бути коректною URL-адресою {1} без вбудованих облікових даних",""
"{0} must be an object","{0} має бути об’єктом",""
"{0} must be between {1} and {2}","{0} має бути в діапазоні від {1} до {2}",""
"{0} must be numeric","{0} має бути числом",""
"{0} must be valid JSON","{0} має бути коректним JSON",""
"{0} must contain only letters, digits, dot, dash or underscore","{0} має містити лише літери, цифри, крапку, дефіс або підкреслення",""
"{0}: only one enabled default profile is allowed","{0}: дозволено лише один увімкнений типовий профіль",""
"{0}: profile labels must be unique","{0}: підписи профілів мають бути унікальними",""
"Apply","Застосувати",""
"Are you sure?","Ви впевнені?",""
"Background Workers","Фонові обробники",""
"Example: {{ subject }}","Приклад: {{ subject }}",""
